Text;Size;Color;Angle;Font;Repeat;URL
Great;26316;Random;Random;Random;Yes;
Good;19074;Random;Random;Random;Yes;
Love;14071;Random;Random;Random;Yes;
Best;11718;Random;Random;Random;Yes;
Tast;10676;Random;Random;Random;Yes;
Coffee;9421;Random;Random;Random;Yes;
Dog;8221;Random;Random;Random;Yes;
Tea;8054;Random;Random;Random;Yes;
Product;7398;Random;Random;Random;Yes;
Delicious;6650;Random;Random;Random;Yes;
Flavor;6494;Random;Random;Random;Yes;
Very;5766;Random;Random;Random;Yes;
Food;5010;Random;Random;Random;Yes;
Excel;4825;Random;Random;Random;Yes;
Price;4361;Random;Random;Random;Yes;
Tasty;4096;Random;Random;Random;Yes;
Cat;3870;Random;Random;Random;Yes;
Treat;3777;Random;Random;Random;Yes;
Yummy;3761;Random;Random;Random;Yes;
Favorit;3660;Random;Random;Random;Yes;
Snack;3213;Random;Random;Random;Yes;
Stuff;2978;Random;Random;Random;Yes;
Better;2641;Random;Random;Random;Yes;
Healthy;2567;Random;Random;Random;Yes;
Awesom;2324;Random;Random;Random;Yes;
Nice;2265;Random;Random;Random;Yes;
Perfect;2232;Random;Random;Random;Yes;
Chocolate;2218;Random;Random;Random;Yes;
One;2202;Random;Random;Random;Yes;
Wonder;2075;Random;Random;Random;Yes;
Really;2064;Random;Random;Random;Yes;
Cookie;2054;Random;Random;Random;Yes;
Chip;2040;Random;Random;Random;Yes;
Sweet;2013;Random;Random;Random;Yes;
Quality;2012;Random;Random;Random;Yes;
Buy;1963;Random;Random;Random;Yes;
Work;1940;Random;Random;Random;Yes;
Yum;1897;Random;Random;Random;Yes;
Bad;1852;Random;Random;Random;Yes;
Free;1716;Random;Random;Random;Yes;
Little;1614;Random;Random;Random;Yes;
Cup;1508;Random;Random;Random;Yes;
Amazed;1497;Random;Random;Random;Yes;
Bar;1496;Random;Random;Random;Yes;
More;1479;Random;Random;Random;Yes;
Make;1443;Random;Random;Random;Yes;
Mix;1435;Random;Random;Random;Yes;
Hot;1423;Random;Random;Random;Yes;
Dont;1416;Random;Random;Random;Yes;
Easy;1396;Random;Random;Random;Yes;
Organic;1389;Random;Random;Random;Yes;
Use;1388;Random;Random;Random;Yes;
Much;1376;Random;Random;Random;Yes;
Green;1358;Random;Random;Random;Yes;
Kcup;1322;Random;Random;Random;Yes;
Sugar;1306;Random;Random;Random;Yes;
Eat;1301;Random;Random;Random;Yes;
Way;1250;Random;Random;Random;Yes;
Drink;1243;Random;Random;Random;Yes;
Valu;1241;Random;Random;Random;Yes;
Salt;1212;Random;Random;Random;Yes;
Pretty;1196;Random;Random;Random;Yes;
Disappoint;1196;Random;Random;Random;Yes;
Ok;1179;Random;Random;Random;Yes;
Strong;1178;Random;Random;Random;Yes;
Out;1154;Random;Random;Random;Yes;
Popcorn;1144;Random;Random;Random;Yes;
Fantastic;1141;Random;Random;Random;Yes;
Package;1130;Random;Random;Random;Yes;
Baby;1121;Random;Random;Random;Yes;
Oil;1105;Random;Random;Random;Yes;
Up;1070;Random;Random;Random;Yes;
Nature;1047;Random;Random;Random;Yes;
Gluten;1033;Random;Random;Random;Yes;
Review;1020;Random;Random;Random;Yes;
Addict;1010;Random;Random;Random;Yes;
Candy;1006;Random;Random;Random;Yes;
Made;999;Random;Random;Random;Yes;
Amazon;993;Random;Random;Random;Yes;
Happy;990;Random;Random;Random;Yes;
Expect;967;Random;Random;Random;Yes;
Real;950;Random;Random;Random;Yes;
Fresh;948;Random;Random;Random;Yes;
Deal;947;Random;Random;Random;Yes;
Iv;932;Random;Random;Random;Yes;
Well;928;Random;Random;Random;Yes;
Sauce;925;Random;Random;Random;Yes;
Go;921;Random;Random;Random;Yes;
New;902;Random;Random;Random;Yes;
Cant;888;Random;Random;Random;Yes;
Time;876;Random;Random;Random;Yes;
Cereal;876;Random;Random;Random;Yes;
Vanilla;869;Random;Random;Random;Yes;
Blend;866;Random;Random;Random;Yes;
Coconut;865;Random;Random;Random;Yes;
Low;857;Random;Random;Random;Yes;
Kid;841;Random;Random;Random;Yes;
Expense;838;Random;Random;Random;Yes;
Worth;835;Random;Random;Random;Yes;
High;831;Random;Random;Random;Yes;
Bread;823;Random;Random;Random;Yes;
Smell;800;Random;Random;Random;Yes;
Pack;798;Random;Random;Random;Yes;
Ship;788;Random;Random;Random;Yes;
Bag;786;Random;Random;Random;Yes;
Need;780;Random;Random;Random;Yes;
Bold;779;Random;Random;Random;Yes;
Smooth;778;Random;Random;Random;Yes;
Find;776;Random;Random;Random;Yes;
Alternate;772;Random;Random;Random;Yes;
Jerky;758;Random;Random;Random;Yes;
Breakfast;755;Random;Random;Random;Yes;
Rice;751;Random;Random;Random;Yes;
Dark;751;Random;Random;Random;Yes;
Wow;749;Random;Random;Random;Yes;
Old;747;Random;Random;Random;Yes;
Hard;743;Random;Random;Random;Yes;
Liked;737;Random;Random;Random;Yes;
Thing;736;Random;Random;Random;Yes;
Water;729;Random;Random;Random;Yes;
Service;722;Random;Random;Random;Yes;
Decaf;717;Random;Random;Random;Yes;
Cans;713;Random;Random;Random;Yes;
Big;708;Random;Random;Random;Yes;
Convenient;706;Random;Random;Random;Yes;
Peanut;705;Random;Random;Random;Yes;
Please;685;Random;Random;Random;Yes;
Super;678;Random;Random;Random;Yes;
Ingredient;676;Random;Random;Random;Yes;
Absolute;675;Random;Random;Random;Yes;
Star;673;Random;Random;Random;Yes;
Bean;673;Random;Random;Random;Yes;
Order;668;Random;Random;Random;Yes;
Chew;666;Random;Random;Random;Yes;
Nut;663;Random;Random;Random;Yes;
Butter;663;Random;Random;Random;Yes;
Money;650;Random;Random;Random;Yes;
Gift;650;Random;Random;Random;Yes;
Bit;645;Random;Random;Random;Yes;
Roast;636;Random;Random;Random;Yes;
Look;626;Random;Random;Random;Yes;
Doesnt;625;Random;Random;Random;Yes;
Chicken;625;Random;Random;Random;Yes;
Syrup;616;Random;Random;Random;Yes;
Light;614;Random;Random;Random;Yes;
Soup;611;Random;Random;Random;Yes;
Even;608;Random;Random;Random;Yes;
Far;606;Random;Random;Random;Yes;
Quick;605;Random;Random;Random;Yes;
Again;599;Random;Random;Random;Yes;
Small;597;Random;Random;Random;Yes;
Try;596;Random;Random;Random;Yes;
Without;595;Random;Random;Random;Yes;
Pasta;593;Random;Random;Random;Yes;
Bitter;591;Random;Random;Random;Yes;
Right;587;Random;Random;Random;Yes;
Fast;585;Random;Random;Random;Yes;
Okay;585;Random;Random;Random;Yes;
Salty;583;Random;Random;Random;Yes;
Spicy;581;Random;Random;Random;Yes;
Terrible;575;Random;Random;Random;Yes;
Differ;573;Random;Random;Random;Yes;
Lover;565;Random;Random;Random;Yes;
Milk;564;Random;Random;Random;Yes;
Enough;562;Random;Random;Random;Yes;
First;552;Random;Random;Random;Yes;
Calorie;551;Random;Random;Random;Yes;
Item;549;Random;Random;Random;Yes;
Didnt;549;Random;Random;Random;Yes;
Horrible;548;Random;Random;Random;Yes;
Energy;547;Random;Random;Random;Yes;
Almond;545;Random;Random;Random;Yes;
Found;544;Random;Random;Random;Yes;
Ginger;540;Random;Random;Random;Yes;
Chai;539;Random;Random;Random;Yes;
Brand;538;Random;Random;Random;Yes;
Help;538;Random;Random;Random;Yes;
Crunchy;533;Random;Random;Random;Yes;
Nothing;532;Random;Random;Random;Yes;
Box;532;Random;Random;Random;Yes;
Want;531;Random;Random;Random;Yes;
Cracker;531;Random;Random;Random;Yes;
Ic;527;Random;Random;Random;Yes;
Still;527;Random;Random;Random;Yes;
Weak;522;Random;Random;Random;Yes;
Fruit;521;Random;Random;Random;Yes;
Spice;519;Random;Random;Random;Yes;
Size;517;Random;Random;Random;Yes;
Recommend;517;Random;Random;Random;Yes;
Beware;517;Random;Random;Random;Yes;
Diet;515;Random;Random;Random;Yes;
Im;513;Random;Random;Random;Yes;
Change;512;Random;Random;Random;Yes;
Decent;510;Random;Random;Random;Yes;
Lot;507;Random;Random;Random;Yes;
Dry;506;Random;Random;Random;Yes;
Black;504;Random;Random;Random;Yes;
Last;499;Random;Random;Random;Yes;
Beef;497;Random;Random;Random;Yes;
Aw;495;Random;Random;Random;Yes;
Refresher;494;Random;Random;Random;Yes;
Noodle;489;Random;Random;Random;Yes;
Poor;488;Random;Random;Random;Yes;
Store;488;Random;Random;Random;Yes;
Now;488;Random;Random;Random;Yes;
Day;485;Random;Random;Random;Yes;
Instant;481;Random;Random;Random;Yes;
Greenie;479;Random;Random;Random;Yes;
Choice;478;Random;Random;Random;Yes;
Gum;475;Random;Random;Random;Yes;
Cheese;471;Random;Random;Random;Yes;
Rich;471;Random;Random;Random;Yes;
Season;457;Random;Random;Random;Yes;
Tri;453;Random;Random;Random;Yes;
Less;453;Random;Random;Random;Yes;
Starbuck;449;Random;Random;Random;Yes;
Never;447;Random;Random;Random;Yes;
Health;447;Random;Random;Random;Yes;
Puppy;446;Random;Random;Random;Yes;
Honey;444;Random;Random;Random;Yes;
Purchase;444;Random;Random;Random;Yes;
Protein;443;Random;Random;Random;Yes;
Final;442;Random;Random;Random;Yes;
Satisfy;438;Random;Random;Random;Yes;
Powder;437;Random;Random;Random;Yes;
Keurig;433;Random;Random;Random;Yes;
Over;430;Random;Random;Random;Yes;
Fun;425;Random;Random;Random;Yes;
Stale;421;Random;Random;Random;Yes;
Train;421;Random;Random;Random;Yes;
Juice;420;Random;Random;Random;Yes;
Always;419;Random;Random;Random;Yes;
Contain;417;Random;Random;Random;Yes;
Pricey;416;Random;Random;Random;Yes;
Long;415;Random;Random;Random;Yes;
Picky;414;Random;Random;Random;Yes;
Toy;414;Random;Random;Random;Yes;
Delight;413;Random;Random;Random;Yes;
Wrong;412;Random;Random;Random;Yes;
Fine;411;Random;Random;Random;Yes;
Textur;410;Random;Random;Random;Yes;
Fabulous;408;Random;Random;Random;Yes;
Keep;405;Random;Random;Random;Yes;
Give;403;Random;Random;Random;Yes;
Simply;401;Random;Random;Random;Yes;
Red;400;Random;Random;Random;Yes;
Think;400;Random;Random;Random;Yes;
Quit;399;Random;Random;Random;Yes;
Pop;395;Random;Random;Random;Yes;
Meal;395;Random;Random;Random;Yes;
Pod;395;Random;Random;Random;Yes;
Morning;394;Random;Random;Random;Yes;
Substitute;393;Random;Random;Random;Yes;
Kitty;392;Random;Random;Random;Yes;
Cook;390;Random;Random;Random;Yes;
Worst;390;Random;Random;Random;Yes;
Year;390;Random;Random;Random;Yes;
Market;385;Random;Random;Random;Yes;
Granola;383;Random;Random;Random;Yes;
Brew;382;Random;Random;Random;Yes;
Bake;381;Random;Random;Random;Yes;
China;380;Random;Random;Random;Yes;
White;379;Random;Random;Random;Yes;
Olive;375;Random;Random;Random;Yes;
Another;372;Random;Random;Random;Yes;
Down;370;Random;Random;Random;Yes;
Same;369;Random;Random;Random;Yes;
Kind;369;Random;Random;Random;Yes;
Yuck;369;Random;Random;Random;Yes;
Whole;368;Random;Random;Random;Yes;
Surprise;368;Random;Random;Random;Yes;
Potato;368;Random;Random;Random;Yes;
Seed;368;Random;Random;Random;Yes;
Back;365;Random;Random;Random;Yes;
Licorice;365;Random;Random;Random;Yes;
Mild;363;Random;Random;Random;Yes;
Overpriced;357;Random;Random;Random;Yes;
Oh;356;Random;Random;Random;Yes;
Custom;356;Random;Random;Random;Yes;
Oatmeal;355;Random;Random;Random;Yes;
Save;355;Random;Random;Random;Yes;
Wont;354;Random;Random;Random;Yes;
Cheaper;348;Random;Random;Random;Yes;
Formula;346;Random;Random;Random;Yes;
Mint;343;Random;Random;Random;Yes;
Soda;342;Random;Random;Random;Yes;
Gf;341;Random;Random;Random;Yes;
World;340;Random;Random;Random;Yes;
Em;340;Random;Random;Random;Yes;
Fat;339;Random;Random;Random;Yes;
Fan;338;Random;Random;Random;Yes;
Home;338;Random;Random;Random;Yes;
Cinnamon;338;Random;Random;Random;Yes;
French;337;Random;Random;Random;Yes;
Life;336;Random;Random;Random;Yes;
Around;335;Random;Random;Random;Yes;
Regular;334;Random;Random;Random;Yes;
Hit;333;Random;Random;Random;Yes;
Lemon;332;Random;Random;Random;Yes;
Variety;331;Random;Random;Random;Yes;
Wast;331;Random;Random;Random;Yes;
Cocoa;331;Random;Random;Random;Yes;
Problem;330;Random;Random;Random;Yes;
Son;330;Random;Random;Random;Yes;
Cherry;328;Random;Random;Random;Yes;
Full;327;Random;Random;Random;Yes;
Thank;325;Random;Random;Random;Yes;
Cake;322;Random;Random;Random;Yes;
Sure;321;Random;Random;Random;Yes;
Option;318;Random;Random;Random;Yes;
Blue;318;Random;Random;Random;Yes;
Many;317;Random;Random;Random;Yes;
Gummi;316;Random;Random;Random;Yes;
Something;315;Random;Random;Random;Yes;
Heaven;315;Random;Random;Random;Yes;
Fill;314;Random;Random;Random;Yes;
Corn;313;Random;Random;Random;Yes;
Oz;312;Random;Random;Random;Yes;
Advertise;310;Random;Random;Random;Yes;
Top;310;Random;Random;Random;Yes;
Pure;310;Random;Random;Random;Yes;
Family;309;Random;Random;Random;Yes;
Surprisingly;308;Random;Random;Random;Yes;
Enjoy;307;Random;Random;Random;Yes;
Warn;306;Random;Random;Random;Yes;
Special;306;Random;Random;Random;Yes;
Idea;306;Random;Random;Random;Yes;
Here;306;Random;Random;Random;Yes;
Origin;306;Random;Random;Random;Yes;
Doggy;306;Random;Random;Random;Yes;
Two;303;Random;Random;Random;Yes;
Espresso;301;Random;Random;Random;Yes;
Rock;300;Random;Random;Random;Yes;
Glutenfree;300;Random;Random;Random;Yes;
Wish;298;Random;Random;Random;Yes;
Stash;298;Random;Random;Random;Yes;
Seem;297;Random;Random;Random;Yes;
Carb;296;Random;Random;Random;Yes;
Stick;296;Random;Random;Random;Yes;
House;295;Random;Random;Random;Yes;
Care;295;Random;Random;Random;Yes;
Highly;294;Random;Random;Random;Yes;
Nutrition;293;Random;Random;Random;Yes;
Outstanding;293;Random;Random;Random;Yes;
Pepper;293;Random;Random;Random;Yes;
Date;292;Random;Random;Random;Yes;
Bone;292;Random;Random;Random;Yes;
Delivery;291;Random;Random;Random;Yes;
Pet;291;Random;Random;Random;Yes;
Know;290;Random;Random;Random;Yes;
Bland;290;Random;Random;Random;Yes;
Hate;289;Random;Random;Random;Yes;
Mountain;287;Random;Random;Random;Yes;
Appl;286;Random;Random;Random;Yes;
Allergy;284;Random;Random;Random;Yes;
Soft;284;Random;Random;Random;Yes;
Bottle;283;Random;Random;Random;Yes;
Bite;281;Random;Random;Random;Yes;
Ye;281;Random;Random;Random;Yes;
Expire;279;Random;Random;Random;Yes;
Pretzel;277;Random;Random;Random;Yes;
Chewy;276;Random;Random;Random;Yes;
Recipe;275;Random;Random;Random;Yes;
Cream;274;Random;Random;Random;Yes;
Grain;273;Random;Random;Random;Yes;
Sweeten;272;Random;Random;Random;Yes;
Exactly;271;Random;Random;Random;Yes;
Cheap;270;Random;Random;Random;Yes;
Those;268;Random;Random;Random;Yes;
Grey;267;Random;Random;Random;Yes;
Extra;266;Random;Random;Random;Yes;
Actual;266;Random;Random;Random;Yes;
Dried;266;Random;Random;Random;Yes;
Pill;266;Random;Random;Random;Yes;
Company;265;Random;Random;Random;Yes;
Gets;264;Random;Random;Random;Yes;
Sour;264;Random;Random;Random;Yes;
Earl;263;Random;Random;Random;Yes;
Avail;263;Random;Random;Random;Yes;
Aftertaste;259;Random;Random;Random;Yes;
Ounc;258;Random;Random;Random;Yes;
Wheat;258;Random;Random;Random;Yes;
Definite;258;Random;Random;Random;Yes;
Impress;257;Random;Random;Random;Yes;
Crazy;257;Random;Random;Random;Yes;
Nutritious;254;Random;Random;Random;Yes;
Brown;253;Random;Random;Random;Yes;
Take;247;Random;Random;Random;Yes;
Crunch;247;Random;Random;Random;Yes;
People;247;Random;Random;Random;Yes;
Brownie;247;Random;Random;Random;Yes;
Clean;246;Random;Random;Random;Yes;
Chili;246;Random;Random;Random;Yes;
Feel;245;Random;Random;Random;Yes;
Read;244;Random;Random;Random;Yes;
Arrive;243;Random;Random;Random;Yes;
Color;243;Random;Random;Random;Yes;
Pumpkin;243;Random;Random;Random;Yes;
Cost;242;Random;Random;Random;Yes;
Teeth;240;Random;Random;Random;Yes;
Interest;240;Random;Random;Random;Yes;
Delish;239;Random;Random;Random;Yes;
Bought;238;Random;Random;Random;Yes;
Broken;237;Random;Random;Random;Yes;
Aroma;237;Random;Random;Random;Yes;
Live;236;Random;Random;Random;Yes;
Gross;235;Random;Random;Random;Yes;
Leave;234;Random;Random;Random;Yes;
Vegan;233;Random;Random;Random;Yes;
Come;231;Random;Random;Random;Yes;
Orang;231;Random;Random;Random;Yes;
Mom;230;Random;Random;Random;Yes;
Receive;229;Random;Random;Random;Yes;
Incredible;229;Random;Random;Random;Yes;
Dent;225;Random;Random;Random;Yes;
Mislead;224;Random;Random;Random;Yes;
Nasty;223;Random;Random;Random;Yes;
Raw;222;Random;Random;Random;Yes;
Disgust;222;Random;Random;Random;Yes;
Month;221;Random;Random;Random;Yes;
Terrific;219;Random;Random;Random;Yes;
Name;219;Random;Random;Random;Yes;
Acid;219;Random;Random;Random;Yes;
Average;217;Random;Random;Random;Yes;
Thought;217;Random;Random;Random;Yes;
Cold;216;Random;Random;Random;Yes;
Miss;216;Random;Random;Random;Yes;
Dress;216;Random;Random;Random;Yes;
Add;216;Random;Random;Random;Yes;
Newman;216;Random;Random;Random;Yes;
Paw;216;Random;Random;Random;Yes;
Vinegar;215;Random;Random;Random;Yes;
Soy;215;Random;Random;Random;Yes;
Beauty;214;Random;Random;Random;Yes;
Earth;213;Random;Random;Random;Yes;
Thin;213;Random;Random;Random;Yes;
Pleasant;212;Random;Random;Random;Yes;
Kick;211;Random;Random;Random;Yes;
True;211;Random;Random;Random;Yes;
Hair;211;Random;Random;Random;Yes;
Picture;210;Random;Random;Random;Yes;
Pork;210;Random;Random;Random;Yes;
Salmon;210;Random;Random;Random;Yes;
Gourmet;209;Random;Random;Random;Yes;
Berry;209;Random;Random;Random;Yes;
Maybe;208;Random;Random;Random;Yes;
Daughter;208;Random;Random;Random;Yes;
Flour;207;Random;Random;Random;Yes;
Theyre;207;Random;Random;Random;Yes;
Additive;207;Random;Random;Random;Yes;
Effect;207;Random;Random;Random;Yes;
Artificial;204;Random;Random;Random;Yes;
Premium;204;Random;Random;Random;Yes;
Eater;204;Random;Random;Random;Yes;
Away;204;Random;Random;Random;Yes;
Unique;203;Random;Random;Random;Yes;
Magic;203;Random;Random;Random;Yes;
Though;202;Random;Random;Random;Yes;
Classic;202;Random;Random;Random;Yes;
Meat;201;Random;Random;Random;Yes;
Weight;201;Random;Random;Random;Yes;
Bear;201;Random;Random;Random;Yes;
Simple;200;Random;Random;Random;Yes;
Replace;200;Random;Random;Random;Yes;
Hand;200;Random;Random;Random;Yes;
Stomach;199;Random;Random;Random;Yes;
Everything;199;Random;Random;Random;Yes;
Crack;199;Random;Random;Random;Yes;
Reason;198;Random;Random;Random;Yes;
Serve;198;Random;Random;Random;Yes;
Senseo;198;Random;Random;Random;Yes;
Biscuit;198;Random;Random;Random;Yes;
Approve;198;Random;Random;Random;Yes;
Sick;197;Random;Random;Random;Yes;
Rate;197;Random;Random;Random;Yes;
Fish;197;Random;Random;Random;Yes;
Pancake;195;Random;Random;Random;Yes;
Maple;195;Random;Random;Random;Yes;
Machin;194;Random;Random;Random;Yes;
Youll;194;Random;Random;Random;Yes;
Extreme;194;Random;Random;Random;Yes;
Herbal;194;Random;Random;Random;Yes;
Raspberry;194;Random;Random;Random;Yes;
Bbq;193;Random;Random;Random;Yes;
Stop;193;Random;Random;Random;Yes;
Miracle;192;Random;Random;Random;Yes;
Large;192;Random;Random;Random;Yes;
Fiber;192;Random;Random;Random;Yes;
Ad;191;Random;Random;Random;Yes;
Prefer;190;Random;Random;Random;Yes;
Stevia;190;Random;Random;Random;Yes;
Total;189;Random;Random;Random;Yes;
Hope;189;Random;Random;Random;Yes;
Winner;187;Random;Random;Random;Yes;
Thats;187;Random;Random;Random;Yes;
Healthier;186;Random;Random;Random;Yes;
Hazelnut;184;Random;Random;Random;Yes;
Issue;184;Random;Random;Random;Yes;
Goes;184;Random;Random;Random;Yes;
Creamy;182;Random;Random;Random;Yes;
Balance;181;Random;Random;Random;Yes;
Toddler;180;Random;Random;Random;Yes;
Mini;179;Random;Random;Random;Yes;
Close;178;Random;Random;Random;Yes;
Salad;178;Random;Random;Random;Yes;
Nom;177;Random;Random;Random;Yes;
Omg;176;Random;Random;Random;Yes;
Medium;176;Random;Random;Random;Yes;
Husband;175;Random;Random;Random;Yes;
Switch;174;Random;Random;Random;Yes;
Calm;174;Random;Random;Random;Yes;
Pocket;174;Random;Random;Random;Yes;
Greatest;173;Random;Random;Random;Yes;
Crisp;173;Random;Random;Random;Yes;
Experience;173;Random;Random;Random;Yes;
Pie;173;Random;Random;Random;Yes;
Truly;173;Random;Random;Random;Yes;
Versatile;173;Random;Random;Random;Yes;
Sea;172;Random;Random;Random;Yes;
Superb;172;Random;Random;Random;Yes;
Peach;172;Random;Random;Random;Yes;
Mustard;172;Random;Random;Random;Yes;
Homemade;172;Random;Random;Random;Yes;
Believe;171;Random;Random;Random;Yes;
Meh;171;Random;Random;Random;Yes;
Beverage;170;Random;Random;Random;Yes;
Anything;169;Random;Random;Random;Yes;
Plus;169;Random;Random;Random;Yes;
English;168;Random;Random;Random;Yes;
Strawberry;167;Random;Random;Random;Yes;
Start;167;Random;Random;Random;Yes;
Past;167;Random;Random;Random;Yes;
Banana;166;Random;Random;Random;Yes;
Gone;165;Random;Random;Random;Yes;
Sodium;165;Random;Random;Random;Yes;
Melt;165;Random;Random;Random;Yes;
Call;165;Random;Random;Random;Yes;
Plastic;164;Random;Random;Random;Yes;
Tree;164;Random;Random;Random;Yes;
Kit;164;Random;Random;Random;Yes;
Jar;163;Random;Random;Random;Yes;
Bacon;163;Random;Random;Random;Yes;
Skin;162;Random;Random;Random;Yes;
Open;162;Random;Random;Random;Yes;
Whats;162;Random;Random;Random;Yes;
Befor;162;Random;Random;Random;Yes;
Seller;161;Random;Random;Random;Yes;
Pup;161;Random;Random;Random;Yes;
Ground;161;Random;Random;Random;Yes;
Busy;161;Random;Random;Random;Yes;
Crispy;160;Random;Random;Random;Yes;
Description;160;Random;Random;Random;Yes;
Tart;159;Random;Random;Random;Yes;
Delic;159;Random;Random;Random;Yes;
Tomato;159;Random;Random;Random;Yes;
Popchip;159;Random;Random;Random;Yes;
Source;158;Random;Random;Random;Yes;
Caffeine;158;Random;Random;Random;Yes;
Dinner;157;Random;Random;Random;Yes;
Sensitive;156;Random;Random;Random;Yes;
Local;156;Random;Random;Random;Yes;
Half;156;Random;Random;Random;Yes;
Glad;156;Random;Random;Random;Yes;
Jelly;155;Random;Random;Random;Yes;
Watch;155;Random;Random;Random;Yes;
Youre;155;Random;Random;Random;Yes;
Solid;155;Random;Random;Random;Yes;
Wouldnt;154;Random;Random;Random;Yes;
Piece;154;Random;Random;Random;Yes;
Consistent;154;Random;Random;Random;Yes;
Everyone;154;Random;Random;Random;Yes;
Lime;154;Random;Random;Random;Yes;
Wife;153;Random;Random;Random;Yes;
Kettle;153;Random;Random;Random;Yes;
Italian;153;Random;Random;Random;Yes;
Tuna;153;Random;Random;Random;Yes;
Wild;152;Random;Random;Random;Yes;
Truffle;151;Random;Random;Random;Yes;
Jack;151;Random;Random;Random;Yes;
Weird;151;Random;Random;Random;Yes;
Pb;151;Random;Random;Random;Yes;
Buyer;150;Random;Random;Random;Yes;
Huge;149;Random;Random;Random;Yes;
Veggie;149;Random;Random;Random;Yes;
Version;149;Random;Random;Random;Yes;
Dessert;148;Random;Random;Random;Yes;
Movie;148;Random;Random;Random;Yes;
Describe;147;Random;Random;Random;Yes;
Second;147;Random;Random;Random;Yes;
Power;147;Random;Random;Random;Yes;
Chewer;147;Random;Random;Random;Yes;
Beat;146;Random;Random;Random;Yes;
Mess;146;Random;Random;Random;Yes;
Lack;145;Random;Random;Random;Yes;
Joe;145;Random;Random;Random;Yes;
Except;145;Random;Random;Random;Yes;
Per;145;Random;Random;Random;Yes;
Double;144;Random;Random;Random;Yes;
Others;144;Random;Random;Random;Yes;
Steak;144;Random;Random;Random;Yes;
Raisin;144;Random;Random;Random;Yes;
Hip;144;Random;Random;Random;Yes;
Rip;143;Random;Random;Random;Yes;
Lunch;143;Random;Random;Random;Yes;
Strange;143;Random;Random;Random;Yes;
Smoke;142;Random;Random;Random;Yes;
Isnt;142;Random;Random;Random;Yes;
Label;141;Random;Random;Random;Yes;
Adult;141;Random;Random;Random;Yes;
Couldnt;141;Random;Random;Random;Yes;
Mouth;141;Random;Random;Random;Yes;
Count;140;Random;Random;Random;Yes;
Diabetic;140;Random;Random;Random;Yes;
Afford;140;Random;Random;Random;Yes;
Slightly;139;Random;Random;Random;Yes;
Remember;139;Random;Random;Random;Yes;
Improve;139;Random;Random;Random;Yes;
Dental;139;Random;Random;Random;Yes;
Kitchen;138;Random;Random;Random;Yes;
Heat;138;Random;Random;Random;Yes;
List;138;Random;Random;Random;Yes;
Darn;138;Random;Random;Random;Yes;
Touch;137;Random;Random;Random;Yes;
Three;137;Random;Random;Random;Yes;
Staple;137;Random;Random;Random;Yes;
Blueberry;137;Random;Random;Random;Yes;
Drinker;137;Random;Random;Random;Yes;
Cute;136;Random;Random;Random;Yes;
Compare;136;Random;Random;Random;Yes;
Body;136;Random;Random;Random;Yes;
Id;136;Random;Random;Random;Yes;
Bargain;135;Random;Random;Random;Yes;
Caramel;135;Random;Random;Random;Yes;
Oat;135;Random;Random;Random;Yes;
Feed;135;Random;Random;Random;Yes;
Increase;134;Random;Random;Random;Yes;
Complete;134;Random;Random;Random;Yes;
Brewer;134;Random;Random;Random;Yes;
Tummy;133;Random;Random;Random;Yes;
Five;133;Random;Random;Random;Yes;
Rind;133;Random;Random;Random;Yes;
Zuke;133;Random;Random;Random;Yes;
Both;132;Random;Random;Random;Yes;
Leaf;132;Random;Random;Random;Yes;
Bulk;132;Random;Random;Random;Yes;
Supplement;132;Random;Random;Random;Yes;
Cappuccino;132;Random;Random;Random;Yes;
Saver;131;Random;Random;Random;Yes;
Damage;131;Random;Random;Random;Yes;
Smaller;131;Random;Random;Random;Yes;
Batch;131;Random;Random;Random;Yes;
Friend;131;Random;Random;Random;Yes;
Result;131;Random;Random;Random;Yes;
Diamond;131;Random;Random;Random;Yes;
Sugarfree;130;Random;Random;Random;Yes;
Bring;130;Random;Random;Random;Yes;
Garlic;130;Random;Random;Random;Yes;
Plain;130;Random;Random;Random;Yes;
Job;130;Random;Random;Random;Yes;
Digest;129;Random;Random;Random;Yes;
Grass;129;Random;Random;Random;Yes;
Matcha;128;Random;Random;Random;Yes;
Mango;128;Random;Random;Random;Yes;
Crystal;128;Random;Random;Random;Yes;
Pay;127;Random;Random;Random;Yes;
Control;127;Random;Random;Random;Yes;
Robust;127;Random;Random;Random;Yes;
Few;126;Random;Random;Random;Yes;
Extract;126;Random;Random;Random;Yes;
Hour;126;Random;Random;Random;Yes;
Memory;125;Random;Random;Random;Yes;
Bay;125;Random;Random;Random;Yes;
Tiny;124;Random;Random;Random;Yes;
Microwave;124;Random;Random;Random;Yes;
Cashew;124;Random;Random;Random;Yes;
Finicky;124;Random;Random;Random;Yes;
Fruity;124;Random;Random;Random;Yes;
Turkey;124;Random;Random;Random;Yes;
Shampoo;124;Random;Random;Random;Yes;
Fix;123;Random;Random;Random;Yes;
Perfectly;122;Random;Random;Random;Yes;
Tough;122;Random;Random;Random;Yes;
Loose;121;Random;Random;Random;Yes;
Egg;121;Random;Random;Random;Yes;
Gold;121;Random;Random;Random;Yes;
Wheres;121;Random;Random;Random;Yes;
Usa;121;Random;Random;Random;Yes;
Everyday;120;Random;Random;Random;Yes;
Basic;120;Random;Random;Random;Yes;
San;120;Random;Random;Random;Yes;
Sardine;120;Random;Random;Random;Yes;
Roll;119;Random;Random;Random;Yes;
Mill;119;Random;Random;Random;Yes;
Plant;119;Random;Random;Random;Yes;
Liquid;119;Random;Random;Random;Yes;
Wine;118;Random;Random;Random;Yes;
Msg;118;Random;Random;Random;Yes;
Single;118;Random;Random;Random;Yes;
Danger;118;Random;Random;Random;Yes;
Instead;118;Random;Random;Random;Yes;
Run;118;Random;Random;Random;Yes;
Travel;118;Random;Random;Random;Yes;
Mocha;118;Random;Random;Random;Yes;
Mostly;117;Random;Random;Random;Yes;
Wake;117;Random;Random;Random;Yes;
Anyone;117;Random;Random;Random;Yes;
Cause;117;Random;Random;Random;Yes;
Deliver;116;Random;Random;Random;Yes;
Beer;116;Random;Random;Random;Yes;
Hint;115;Random;Random;Random;Yes;
Short;115;Random;Random;Random;Yes;
Ramen;114;Random;Random;Random;Yes;
Tasteless;114;Random;Random;Random;Yes;
Pizza;114;Random;Random;Random;Yes;
Shake;114;Random;Random;Random;Yes;
Emeril;114;Random;Random;Random;Yes;
Wafer;113;Random;Random;Random;Yes;
Zero;113;Random;Random;Random;Yes;
Stay;113;Random;Random;Random;Yes;
Peppermint;113;Random;Random;Random;Yes;
Mac;113;Random;Random;Random;Yes;
Handy;112;Random;Random;Random;Yes;
Cool;112;Random;Random;Random;Yes;
Night;112;Random;Random;Random;Yes;
Bran;112;Random;Random;Random;Yes;
Warm;111;Random;Random;Random;Yes;
Dream;111;Random;Random;Random;Yes;
Curry;111;Random;Random;Random;Yes;
Pleasantly;111;Random;Random;Random;Yes;
Lb;111;Random;Random;Random;Yes;
Messy;111;Random;Random;Random;Yes;
Girl;111;Random;Random;Random;Yes;
Latte;111;Random;Random;Random;Yes;
Lipton;111;Random;Random;Random;Yes;
Sleep;110;Random;Random;Random;Yes;
Ridiculous;110;Random;Random;Random;Yes;
Pound;110;Random;Random;Random;Yes;
Put;110;Random;Random;Random;Yes;
Mmm;110;Random;Random;Random;Yes;
Mmmm;110;Random;Random;Random;Yes;
Subtle;110;Random;Random;Random;Yes;
God;109;Random;Random;Random;Yes;
Side;109;Random;Random;Random;Yes;
Party;109;Random;Random;Random;Yes;
Fair;109;Random;Random;Random;Yes;
Muffin;109;Random;Random;Random;Yes;
Ga;108;Random;Random;Random;Yes;
Thai;108;Random;Random;Random;Yes;
Jim;108;Random;Random;Random;Yes;
Ill;108;Random;Random;Random;Yes;
Ball;108;Random;Random;Random;Yes;
Gave;107;Random;Random;Random;Yes;
Wait;107;Random;Random;Random;Yes;
Dish;107;Random;Random;Random;Yes;
Watery;107;Random;Random;Random;Yes;
Summer;107;Random;Random;Random;Yes;
Slim;107;Random;Random;Random;Yes;
Fuel;107;Random;Random;Random;Yes;
Storage;107;Random;Random;Random;Yes;
Breath;106;Random;Random;Random;Yes;
Boost;106;Random;Random;Random;Yes;
Once;106;Random;Random;Random;Yes;
Thick;106;Random;Random;Random;Yes;
Tortilla;106;Random;Random;Random;Yes;
Superior;106;Random;Random;Random;Yes;
Liver;106;Random;Random;Random;Yes;
Safe;106;Random;Random;Random;Yes;
Longer;106;Random;Random;Random;Yes;
Pecan;106;Random;Random;Random;Yes;
Fit;106;Random;Random;Random;Yes;
See;106;Random;Random;Random;Yes;
Dr;106;Random;Random;Random;Yes;
Gravy;105;Random;Random;Random;Yes;
Grocery;105;Random;Random;Random;Yes;
Donut;105;Random;Random;Random;Yes;
Shop;105;Random;Random;Random;Yes;
Probably;105;Random;Random;Random;Yes;
Kitten;105;Random;Random;Random;Yes;
Splenda;105;Random;Random;Random;Yes;
Soothes;104;Random;Random;Random;Yes;
Edible;104;Random;Random;Random;Yes;
Nutty;104;Random;Random;Random;Yes;
Usual;104;Random;Random;Random;Yes;
Soso;104;Random;Random;Random;Yes;
Bes;104;Random;Random;Random;Yes;
Twining;104;Random;Random;Random;Yes;
Lab;104;Random;Random;Random;Yes;
Base;103;Random;Random;Random;Yes;
Tangy;103;Random;Random;Random;Yes;
Standard;103;Random;Random;Random;Yes;
Break;103;Random;Random;Random;Yes;
Authentic;103;Random;Random;Random;Yes;
Prepare;103;Random;Random;Random;Yes;
Planet;103;Random;Random;Random;Yes;
Drop;103;Random;Random;Random;Yes;
Chemical;102;Random;Random;Random;Yes;
Anywhere;102;Random;Random;Random;Yes;
Enjoyful;102;Random;Random;Random;Yes;
False;102;Random;Random;Random;Yes;
Amount;102;Random;Random;Random;Yes;
Mother;102;Random;Random;Random;Yes;
Vegetarian;102;Random;Random;Random;Yes;
Rub;102;Random;Random;Random;Yes;
Agave;101;Random;Random;Random;Yes;
Grow;101;Random;Random;Random;Yes;
Caribou;101;Random;Random;Random;Yes;
Filler;101;Random;Random;Random;Yes;
Test;100;Random;Random;Random;Yes;
Coat;100;Random;Random;Random;Yes;
Herb;100;Random;Random;Random;Yes;
Empty;100;Random;Random;Random;Yes;
Style;100;Random;Random;Random;Yes;
Select;99;Random;Random;Random;Yes;
Maker;99;Random;Random;Random;Yes;
Happen;99;Random;Random;Random;Yes;
Amazingly;99;Random;Random;Random;Yes;
Content;99;Random;Random;Random;Yes;
Tully;99;Random;Random;Random;Yes;
Heart;99;Random;Random;Random;Yes;
Smoothie;98;Random;Random;Random;Yes;
Odd;98;Random;Random;Random;Yes;
Mediocre;98;Random;Random;Random;Yes;
Quickly;98;Random;Random;Random;Yes;
Hook;98;Random;Random;Random;Yes;
Portion;98;Random;Random;Random;Yes;
Came;97;Random;Random;Random;Yes;
Stock;97;Random;Random;Random;Yes;
Through;97;Random;Random;Random;Yes;
Inconsistent;97;Random;Random;Random;Yes;
Bpa;97;Random;Random;Random;Yes;
Canidae;97;Random;Random;Random;Yes;
Mmmmm;96;Random;Random;Random;Yes;
Heavy;96;Random;Random;Random;Yes;
Nutiva;96;Random;Random;Random;Yes;
Boy;95;Random;Random;Random;Yes;
Flower;95;Random;Random;Random;Yes;
Direct;95;Random;Random;Random;Yes;
Kona;94;Random;Random;Random;Yes;
Dip;94;Random;Random;Random;Yes;
Christmas;94;Random;Random;Random;Yes;
Part;94;Random;Random;Random;Yes;
Yumm;94;Random;Random;Random;Yes;
Person;94;Random;Random;Random;Yes;
Bonsai;94;Random;Random;Random;Yes;
Smart;94;Random;Random;Random;Yes;
Vitamin;93;Random;Random;Random;Yes;
Combine;93;Random;Random;Random;Yes;
Sticky;93;Random;Random;Random;Yes;
Check;93;Random;Random;Random;Yes;
Leak;93;Random;Random;Random;Yes;
Cheesy;93;Random;Random;Random;Yes;
Creme;92;Random;Random;Random;Yes;
Basket;92;Random;Random;Random;Yes;
Unbelievable;92;Random;Random;Random;Yes;
Mr;92;Random;Random;Random;Yes;
Farm;92;Random;Random;Random;Yes;
Junk;92;Random;Random;Random;Yes;
Sprout;92;Random;Random;Random;Yes;
Older;91;Random;Random;Random;Yes;
Relax;91;Random;Random;Random;Yes;
Daily;91;Random;Random;Random;Yes;
Punch;91;Random;Random;Random;Yes;
Pick;91;Random;Random;Random;Yes;
Golden;91;Random;Random;Random;Yes;
Agree;91;Random;Random;Random;Yes;
Fig;91;Random;Random;Random;Yes;
Rawhide;91;Random;Random;Random;Yes;
Wholesome;91;Random;Random;Random;Yes;
Stinky;91;Random;Random;Random;Yes;
Medicine;90;Random;Random;Random;Yes;
Yourself;90;Random;Random;Random;Yes;
Pleasure;90;Random;Random;Random;Yes;
Spoil;90;Random;Random;Random;Yes;
Avoid;90;Random;Random;Random;Yes;
Yogurt;90;Random;Random;Random;Yes;
Francisco;90;Random;Random;Random;Yes;
Done;90;Random;Random;Random;Yes;
Moldy;90;Random;Random;Random;Yes;
Larabar;90;Random;Random;Random;Yes;
Haribo;90;Random;Random;Random;Yes;
Belly;89;Random;Random;Random;Yes;
Online;89;Random;Random;Random;Yes;
Vegetal;89;Random;Random;Random;Yes;
Packet;89;Random;Random;Random;Yes;
Guilt;89;Random;Random;Random;Yes;
Waffle;89;Random;Random;Random;Yes;
Comfort;89;Random;Random;Random;Yes;
Childhood;89;Random;Random;Random;Yes;
Snap;89;Random;Random;Random;Yes;
Fancy;89;Random;Random;Random;Yes;
Bowl;89;Random;Random;Random;Yes;
Link;89;Random;Random;Random;Yes;
Fog;89;Random;Random;Random;Yes;
Benefit;88;Random;Random;Random;Yes;
Seal;88;Random;Random;Random;Yes;
Crumbly;88;Random;Random;Random;Yes;
Easier;88;Random;Random;Random;Yes;
Minute;88;Random;Random;Random;Yes;
Clear;88;Random;Random;Random;Yes;
Meow;88;Random;Random;Random;Yes;
Wonderfully;87;Random;Random;Random;Yes;
Tender;87;Random;Random;Random;Yes;
Jalapeno;86;Random;Random;Random;Yes;
None;86;Random;Random;Random;Yes;
Fake;86;Random;Random;Random;Yes;
Type;86;Random;Random;Random;Yes;
Holiday;86;Random;Random;Random;Yes;
Oreo;86;Random;Random;Random;Yes;
Chamomile;86;Random;Random;Random;Yes;
Conditioner;86;Random;Random;Random;Yes;
Puff;85;Random;Random;Random;Yes;
Caution;85;Random;Random;Random;Yes;
Gotta;85;Random;Random;Random;Yes;
Pea;85;Random;Random;Random;Yes;
Possibly;85;Random;Random;Random;Yes;
Cafe;85;Random;Random;Random;Yes;
Man;85;Random;Random;Random;Yes;
Taco;85;Random;Random;Random;Yes;
Anymore;85;Random;Random;Random;Yes;
Jet;85;Random;Random;Random;Yes;
Case;84;Random;Random;Random;Yes;
Line;84;Random;Random;Random;Yes;
Secret;84;Random;Random;Random;Yes;
Sooo;84;Random;Random;Random;Yes;
Solution;84;Random;Random;Random;Yes;
Crave;84;Random;Random;Random;Yes;
End;84;Random;Random;Random;Yes;
Pamela;84;Random;Random;Random;Yes;
Sent;84;Random;Random;Random;Yes;
Quantity;83;Random;Random;Random;Yes;
Lower;83;Random;Random;Random;Yes;
Ate;83;Random;Random;Random;Yes;
Yeast;83;Random;Random;Random;Yes;
Vs;83;Random;Random;Random;Yes;
Word;83;Random;Random;Random;Yes;
Pink;83;Random;Random;Random;Yes;
Cut;83;Random;Random;Random;Yes;
Yorkie;83;Random;Random;Random;Yes;
Theater;83;Random;Random;Random;Yes;
Burn;82;Random;Random;Random;Yes;
Wasnt;82;Random;Random;Random;Yes;
Country;82;Random;Random;Random;Yes;
Friendly;82;Random;Random;Random;Yes;
Decade;82;Random;Random;Random;Yes;
Pouch;82;Random;Random;Random;Yes;
Feast;82;Random;Random;Random;Yes;
Dissapoints;81;Random;Random;Random;Yes;
Heavenly;81;Random;Random;Random;Yes;
Tradition;81;Random;Random;Random;Yes;
Soooo;81;Random;Random;Random;Yes;
Bob;81;Random;Random;Random;Yes;
Design;81;Random;Random;Random;Yes;
Cuppa;81;Random;Random;Random;Yes;
Condition;81;Random;Random;Random;Yes;
Vet;81;Random;Random;Random;Yes;
Salsa;80;Random;Random;Random;Yes;
Marley;80;Random;Random;Random;Yes;
Minty;80;Random;Random;Random;Yes;
Onion;80;Random;Random;Random;Yes;
Return;80;Random;Random;Random;Yes;
Overpower;80;Random;Random;Random;Yes;
Eh;80;Random;Random;Random;Yes;
Moist;80;Random;Random;Random;Yes;
Jam;80;Random;Random;Random;Yes;
Fragrant;79;Random;Random;Random;Yes;
Rancid;79;Random;Random;Random;Yes;
Alright;79;Random;Random;Random;Yes;
Garden;79;Random;Random;Random;Yes;
Shipment;79;Random;Random;Random;Yes;
Chocolatey;79;Random;Random;Random;Yes;
Grape;79;Random;Random;Random;Yes;
Gooey;79;Random;Random;Random;Yes;
Office;78;Random;Random;Random;Yes;
Such;78;Random;Random;Random;Yes;
Tip;78;Random;Random;Random;Yes;
Thumb;78;Random;Random;Random;Yes;
Somewhat;78;Random;Random;Random;Yes;
Pass;78;Random;Random;Random;Yes;
Seriously;78;Random;Random;Random;Yes;
Twist;78;Random;Random;Random;Yes;
Four;78;Random;Random;Random;Yes;
Coffe;78;Random;Random;Random;Yes;
Scent;78;Random;Random;Random;Yes;
Everlast;78;Random;Random;Random;Yes;
Next;77;Random;Random;Random;Yes;
Lamb;77;Random;Random;Random;Yes;
Rose;77;Random;Random;Random;Yes;
Deceptive;77;Random;Random;Random;Yes;
Feline;76;Random;Random;Random;Yes;
Scrumptious;76;Random;Random;Random;Yes;
Tell;76;Random;Random;Random;Yes;
Dairy;76;Random;Random;Random;Yes;
Question;76;Random;Random;Random;Yes;
Timothy;76;Random;Random;Random;Yes;
Virgin;76;Random;Random;Random;Yes;
Himalayan;76;Random;Random;Random;Yes;
Buddy;76;Random;Random;Random;Yes;
Each;75;Random;Random;Random;Yes;
Lifesaver;75;Random;Random;Random;Yes;
